ID Strain,Animal species of origin,Haemolysis,2057.07661685447,2223.51596417567,2241.45852752343,2249.80661845241,2262.95701613303,2268.94733426109,2278.30554283212,2284.78417962451,2576.78839994577,2633.467468784,2648.82220566574,2670.00348032197,2679.75466633884,2686.91274635177,2709.21791687501,2726.22175362052,2795.35538204939,2955.58590451666,2977.65369039288,2990.23999896214,3006.97613303113,3028.65956818063,3050.28216333531,3066.80839254694,3160.23560060361,3354.34044042719,3364.90676374566,3374.15195049673,3397.49632066012,3405.92005319022,3418.85585123456,3428.91126275866,3443.93408357026,3470.33855037939,3488.70176211882,3649.93776573356,3692.26378843219,3718.80152750191,3952.96951301512,4009.90159770537,4091.12896593635,4451.9698062426,4473.86052305994,4489.76091206784,4513.97599921807,4535.48427436377,4743.82496849777,4756.92079292153,4808.28499017964,5024.28274554133,5053.08139758509,5157.15295962825,5246.29932424411,5349.32189924398,5362.54179103228,5378.87973949338,5466.07804381816,5522.27889150849,5895.04252014256,5916.16490605974,5957.73919662642,5998.77657473652,6220.66609719438,6319.78469854843,6710.32369421226,6731.5496218596,6762.69957119134,6796.2861717039,6814.0713434445,6826.89548882833,6840.7621964458,6860.55227329687,6889.42907802004,6906.37788460173,6943.22629629745,7259.88908331775,7300.69240127558,7387.75021852133,7438.59887248161,7478.09164772383,7525.16191544753,7806.01822570724,7906.14586617827,8182.67311208356,8381.75608647548,9029.31745619123,9072.64192531042,9255.9068105201,9486.65637803834,9551.00810654836,9617.35522309533,9659.56487233769,10077.0629364524,10102.7426829782,10400.6769778768,10490.8327095524,10516.5630707768,10929.9773956943,10977.7867259318,11178.1671567757,12154.4197786609,12298.8120722575,12638.8781906402,12682.6950681583,13242.6643803016,13276.0918024695,13453.0328857439,13520.2485262435,13614.2451613881,14106.5267140917,14944.7698669322,15047.6399278323,16622.0077445811,16680.9056627079
V190,Bovine,a,0.0000315538971307954,0.000820027329981718,0.000277853501150143,0.000134969673423981,0.000190586546617492,0.0000715885656940794,0.000134566609026495,0.0000880235222040529,0.0000068264042122151,0.0000924677050682342,0.0000287148241495215,0.0000921320125581529,0.000592819452879682,0.000138859031031018,0.0000741131719013025,0.000195271727911558,0.0000485375368807683,0.00076498811161387,0.000143811025827378,0.0000768014676873911,0.00011234776109774,0.0000697676198137813,0.000026454693342487,0.0000122991468429834,0.0000817641372477133,0.000308701781291633,0.00107793206924828,0.0004734100193468,0.000778713660094066,0.000313609167454869,0.000587284820113638,0.000285127387521285,0.000547254558947469,0.000426671403917761,0.00012859035922491,0.000310164036962369,0.0000345812098211393,0.000188729772543511,0.000538380002226174,0.0000546623484790069,0.000668590335339468,0.00158752111931539,0.00064803256896008,0.000569630291401745,0.000542448456855002,0.000414759119937127,0.000308884880122948,0.000247793839875157,0.0000458267614465194,0.000025666389158678,0.00018559737160928,0.00000601471156075027,0.000197686447283815,0.00030163494301102,0.00108273887899295,0.000313409274458676,0.000365739598883717,0.0000349498413343228,0.000374165181601185,0.0012562658723315,0.000317561206412307,0.000154535299851885,0.00000267606723948088,0.000644185853815075,0.000682908457961878,0.00141270486482033,0.000629607677846946,0.00111331060310486,0.000565850356782066,0.000540349519274751,0.000772380508857867,0.000465530850230177,0.000947552096182647,0.000408651573410552,0.000599310791890629,0.000243497096071866,0.000377963348195111,0.000046971798851605,0.000278103798433059,0.000124026766029742,0.0000788655638029099,0.00000572170554483665,0.000743431825922801,0.000802105379305616,0.0000261191170041906,0.000351022392150826,0.000302209164978037,0.0000879155853041655,0.000416220146506622,0.0000805141477364531,0.0000624533468883586,0.0000231898023777749,0.0000550851260026717,0.00017652734818519,0.000218702022291408,0.000180824558049689,0.0000632331870735308,0.000275407535106338,0.0000506059167688749,0.0000735339960275568,0.00001503872373207,0.0000109684403091184,0.0000577396149789835,0.000016794341001666,0.000029493120802106,0.0000561683964788507,0.0000592347478311412,0.0000613305731970904,0.0000530621898114131,0.0000234275647260096,0.0000956264887790256,0.0000512725624733865,0.00000924631803140429,0.00000628065038757211
V200,Bovine,a,0.0000559340866393289,0.000866106766075362,0.000275931790314343,0.0000963906764992165,0.000247914985534832,0.0000648644256073814,0.0000589915134852551,0.0000570626036956942,0.00000940341668369359,0.0000674529674181735,0.0000164025309675954,0.0000399334888937112,0.0000292432702592036,0.00000571351785863017,0.0000261490798537751,0.0000979793103616969,0.0000382200154229374,0.000803358019921548,0.000147691066867637,0.0000908385363114675,0.00010089894667094,0.0000841592027042626,0.0000441599812474051,0.0000544711016280526,0.0000662399381608302,0.000297376543589271,0.0014193508516828,0.000540314862925633,0.00102463456915134,0.000359229909724008,0.000656365335811535,0.00024838031306827,0.000274151482839547,0.000214444939508374,0.000454101552106619,0.0000563548458848973,0.0000634136691611219,0.000133646255217941,0.000458244351961683,0.000294416200103435,0.000489756588977421,0.00232967943476623,0.000666196516629367,0.000649397152294491,0.000480050044365905,0.000362836717166502,0.000237412313607035,0.000339448818930139,0.0000605042804950789,0.0000134855567233572,0.000102098346106712,0.00000376102359643573,0.000112256803998915,0.0000317406138837767,0.000128156744681319,0.0000171961526981194,0.000402162287135584,0.000061395330124122,0.000377364245814228,0.00158377203697042,0.000372064784825817,0.00021413983657349,0.00000622185119019488,0.000487133064623717,0.000924039677880854,0.00244028732646803,0.00112351210277963,0.00164153835193058,0.000704857255015698,0.000599091530505161,0.000613145227024418,0.000450729129537964,0.000571134475439239,0.00031170850614694,0.000325035634718743,0.000257342910534884,0.0000818834861465349,0.0000220469741105721,0.000289289772702926,0.000107294241274938,0.0000731191241886625,0.0000172151680033474,0.000684023448172634,0.000643963512257402,0.000385535888668958,0.000227435261901778,0.000150397495318527,0.000115296854249682,0.000315175635873217,0.0000628263206475009,0.0000602081359896958,0.0000285002113933119,0.0000303881784725251,0.0000996909967151359,0.0000498153104387861,0.0000739249979259534,0.0000251332076396486,0.000297586799412957,0.000118496181082377,0.000049008958305998,0.0000147778854994745,0.0000153392556310267,0.0000283567486511792,0.0000215621079732306,0.0000144560345496588,0.0000249424958925652,0.0000501038663032237,0.0000253617409696151,0.0000279423494030079,0.0000173755332991115,0.0000474363737391895,0.0000185065636465943,0.000019211153338878,0.0000538131511927329
V217,Ovine,a,0.0000307126043247864,0.000398784131324059,0.000278613658236586,0.000124004709684432,0.000142546214524317,0.0000962966013873866,0.000136125574744856,0.0000577523420876172,0.00000408023039438563,0.0000548207863663967,0.0000334350242626509,0.0000548295059174908,0.000320701553284805,0.000162991544875183,0.000050395354790028,0.000192595169411493,0.0000155224618696339,0.0000843975076203636,0.000506947089298396,0.000150465162580239,0.000182540974150456,0.0000995474765615256,0.0000524807460539131,0.0000378378707224554,0.000365150368458737,0.000187340478267042,0.000865666218803038,0.000388329821850235,0.000550137126708531,0.000399463786503,0.000527889783273041,0.000251972663108935,0.000542940216574863,0.000396149910769449,0.00017835947182811,0.000177495176761876,0.0000231461568917215,0.00000895216329795217,0.000361054012203354,0.0000617072999572579,0.000622837906205241,0.000954095098637115,0.000320265887903776,0.000361636331899009,0.000520051030328439,0.000501100816577732,0.00074387690454329,0.000313864429225078,0.000184523690801474,0.0000251064617780058,0.000267491669186989,0.0000202543375071382,0.000266829393195561,0.00014928329277359,0.000566935885216843,0.000331325574047941,0.000405660803469694,0.0000529049948276843,0.000078171830517005,0.000200025746883054,0.000825959677053774,0.000201193918691999,0.00000366473331076372,0.00069476269779901,0.000410497451114979,0.00110509443281442,0.000520677764033313,0.000775050703190902,0.000570944548319843,0.000430489488971392,0.000622856013623771,0.000406139688146672,0.000808234928998233,0.000381815725179962,0.000476463214465541,0.000162008152173234,0.000134234541947008,0.0000151626442542292,0.0000285520223277489,0.000191217868967269,0.0000545827037152275,0.00000544359728545288,0.000433658220430859,0.000628205761844132,0.000017213134164235,0.000401355567258681,0.000431851565431263,0.0000396398683858809,0.000848328847656511,0.000230949778806196,0.000268290138873609,0.000169971263710703,0.000067043663233552,0.000195750548881616,0.000242116393664862,0.000214663684723981,0.000103439042742082,0.000316622515708806,0.0000733755039521161,0.0000263830006963983,0.0000239906314755534,0.000030559467718974,0.00000324958529327056,0.0000148781393765543,0.0000468478361346829,0.0000747874430388734,0.0000149594824043089,0.000012181960232969,0.0000129339521052034,0.0000423954997874657,0.0000925782852894293,0.0000356356804716732,0.00000390631004400954,0.00000504141608404049
V220,Swine,b,0.0000135082658709377,0.000410236361033877,0.000177185297764831,0.0000889532109762207,0.000133875759633972,0.000209101296979811,0.000174386318574422,0.000116543473575836,0.00000573248271277986,0.0000679788849195384,0.0000351078436396177,0.0000820431602291347,0.000188220160923983,0.00013387694956629,0.000103914675018761,0.000125847142186759,0.0000457003096430396,0.000108791656136272,0.000510269039671029,0.000141921184478035,0.000122749225319364,0.0000570134700860063,0.0000375187356800961,0.00000237738530708237,0.000512917913748211,0.0000997750883077546,0.000487774766422935,0.00022540651506047,0.000521933297427819,0.000941752788707287,0.00060837380161694,0.000388884700370423,0.000263307169328601,0.000193247479355714,0.00013594444784414,0.000112154796116949,0.000119138002785861,0.0000223701714225456,0.000372936378085925,0.0000440458148065755,0.000458937435221315,0.00101575963843373,0.00031132793140997,0.000279445091269449,0.000454088415691161,0.000376443812632122,0.00079059049499323,0.000357847446372294,0.000271341678640946,0.000104025895099143,0.000110971763602753,0.0000253947958705995,0.00015089072816282,0.0000944678803217155,0.000354659081107526,0.000252527932197267,0.000447363979127793,0.0000763481984515045,0.000094771893878637,0.000259990194966354,0.000847424957006542,0.000184638619358121,0.0000547728214521653,0.000745369501402247,0.000198882868670033,0.000647021119187629,0.000384407607537728,0.000888383028870758,0.00151407901776999,0.000686567918402895,0.000753910022088156,0.000593617805613908,0.000416924683636307,0.000356687766487996,0.000297885253765731,0.00021015895523799,0.0000660401932620697,0.00014565830679854,0.0000644007291680774,0.000165190359148147,0.0000438964352168045,0.0000118988268879768,0.000539609629748932,0.000512751034942473,0.0000232958997821274,0.000333102263681536,0.000309514318280074,0.0000378454967261994,0.000878746876566293,0.000218271898029977,0.000244160519597454,0.000140157744395127,0.0000500215499581135,0.0000551698682558608,0.000073705481384362,0.000148625124384907,0.0000705356512372082,0.000365268016584531,0.000101942922082049,0.0000328126567232483,0.0000339810497870762,0.0000294068266578731,0.00000669192819238368,0.0000118865431877219,0.0000541646596448335,0.0000740078537786618,0.0000249360749692855,0.0000189858799607253,0.0000203130353857934,0.0000349826674478988,0.00010528092477705,0.0000553300412140567,0.0000162458805296584,0.000018574340385297
V222,Dog,b,0.0000150212969245647,0.000834353872093591,0.000209981026910046,0.000106381371287422,0.000224538939476099,0.0000764445871202264,0.0000710435593102381,0.0000687384287065838,0.0000119653124223015,0.000161236319359864,0.0000309322135420636,0.0000366919864646344,0.000215647374894653,0.0000482160773725301,0.0000341086680364701,0.000150701287296746,0.0000489572015236101,0.0000516919297682098,0.000905026257161544,0.000203663727678047,0.000155898566959168,0.0000732876883751202,0.0000167872452689613,0.0000276112364911027,0.000459312582199354,0.00117979415041917,0.000517145549106902,0.00051415566008797,0.00090014627875568,0.000307436375066596,0.000279258475895663,0.000185826474923083,0.000142722638817032,0.000150097228939521,0.0000553611406978314,0.0000411567945117455,0.000313141592053238,0.0000769836665013254,0.000768844567033102,0.0000648605532658238,0.000625462124728307,0.0017035063957002,0.000478230652419759,0.00060656818846725,0.0005173761965565,0.000341809473052467,0.000562380476862378,0.000199667231762072,0.0000770599521734774,0.000157500272565027,0.000370160382928714,0.0000488731583577399,0.000145977077740993,0.0000715262269711404,0.000412093453281039,0.000077889064876344,0.000305229052638784,0.000276436608553011,0.000102882960411328,0.000461797258099433,0.00141828385294564,0.000458126958666213,0.000128307098900659,0.000783596321595081,0.0016110842436878,0.000635415525558461,0.000839464448230074,0.00119406981067693,0.000451391081111939,0.000374193404397421,0.000424267777411056,0.000294752999358094,0.000188469037915304,0.000150289051429679,0.000191067574599881,0.00000101009711716686,0.0000165283585447393,0.000477881166410287,0.000118293775302724,0.000250370004760338,0.000351795557521185,0.0000222532504338956,0.000960264100564091,0.000683881571540964,0.0000277877648880224,0.000306614982122351,0.000204651461158275,0.0000409748901517399,0.000672001356604156,0.000156757327649088,0.000109920024063767,0.0000481178130502867,0.000109481515567235,0.000296794814777829,0.000122819097148854,0.000118803239719744,0.0000386837360848921,0.000291847624130382,0.0000506592890582378,0.0000298790777008492,0.00000875247210802471,0.0000399530424996733,0.0000122672934243974,0.0000235533165277413,0.000042695195806091,0.0000951728231610335,0.0000280733730779613,0.0000230463597747159,0.0000133553328415751,0.0000228568743985875,0.000127197960337222,0.00023970334323521,0.0000152524402387709,0.00000720751821414075
V240,Swine,b,0.0000941706977326561,0.000462733934879104,0.000200124954422554,0.0000985598842755862,0.000204806896596598,0.000125920079227943,0.000126048142431607,0.0000882245924832437,0.0000277725743908489,0.0000824550960944955,0.0000303205125362232,0.0000322331086719737,0.0000807486031735071,0.000114546218817033,0.0000799869091676016,0.000116867324363585,0.0000564110140668777,0.0000870788646778907,0.000539235519715702,0.0000893164646233345,0.000106814749875785,0.0000597883184630077,0.0000357565916494594,0.0000440912903329444,0.000673115081835093,0.000121389668467444,0.000437610484345359,0.000197277618383767,0.00100366503101188,0.000437270663008877,0.000404708335331271,0.000228333949387385,0.000147600914901499,0.000166695062089122,0.0000872267753220759,0.0000768197574721853,0.000314913697444545,0.0000598620092808223,0.000394445336811226,0.000076851613880262,0.000369350583180602,0.0011061721966079,0.000235379134193144,0.000276937399815501,0.000345974373728328,0.000232683516181246,0.00144907272649492,0.000565337521755462,0.000382792088200708,0.000095081061113126,0.0000780607360514563,0.0000105468990059543,0.0000982863554612984,0.000061116658382545,0.000199237649544074,0.000212717458023847,0.000341552875900315,0.0000646046015700313,0.0000587155052467057,0.000180719105661609,0.000810410111823716,0.000142338390941226,0.0000391698147277098,0.000631169940012306,0.000165081718710087,0.000608908720822778,0.000458274250262724,0.00158934307313298,0.000526807572690312,0.0006219356809316,0.000582958963983079,0.000399485699179759,0.000259857548912469,0.000237968805567292,0.000215589733458279,0.000330210428720321,0.0000865612334782432,0.000482884202899135,0.000101673099774185,0.000144739260381092,0.000104791628784057,0.0000218340494856056,0.000532575375179023,0.000387502257915847,0.0000234295861622766,0.0002133769375661,0.000138591488274525,0.0000217060139368889,0.00149047774389514,0.000326853679615027,0.000402941663358341,0.000270314841070494,0.0000913929237181925,0.0000314099596268672,0.0000515197616262074,0.0000758529699700164,0.0000378858225820336,0.000185600596620171,0.0000522182153866485,0.0000281093899488429,0.0000355282667231647,0.0000315234353474469,0.0000217900518689539,0.0000278959120249175,0.0000603940116085976,0.0000968581100328206,0.0000343821423963158,0.000032887840456757,0.0000296207213740947,0.0000351509968911225,0.0000676837895184225,0.0000456056543425222,0.0000262379154328517,0.0000222657463629298
V252,Bovine,a,0.0000276966049277581,0.000722250047668155,0.000270094604620283,0.0000970812246918247,0.000166576939764559,0.0000724949083247437,0.0000713530444805895,0.0000716569530884465,0.0000147227692917003,0.0000719163165038571,0.0000219665173577744,0.0000964282761016489,0.0000205053612491951,0.0000617343514206777,0.000024354217370813,0.000148217487360921,0.000653553988434075,0.000103539457696786,0.000772420960546621,0.000184533862909473,0.000131324011396532,0.0000665160730514154,0.0000437865985557309,0.0000217886171580229,0.000090084922728202,0.000302655954296572,0.00112328488966546,0.000496604322895657,0.000809633952386482,0.000341412849301991,0.000397847245636266,0.000242539302960756,0.000548554447916106,0.000337252037592903,0.000118251299916884,0.000122112334299259,0.0000341570312383621,0.000186143918441688,0.000453950302387819,0.0000540176426741988,0.000626111171612152,0.00166281299772669,0.000562162674847658,0.000611896496659822,0.000531772303885088,0.000409093081270829,0.000285887946622731,0.000316931925246504,0.0000521125615612699,0.0000132498154365024,0.000137034875500156,0.00000040596858114256,0.000183531131933028,0.000383128466497331,0.0000978615644143946,0.000123494198702638,0.000419726698910995,0.000062361645320605,0.00014379884789417,0.000375474834500721,0.00139041405962745,0.000451273104251601,0.00000403148601757501,0.00071986960305216,0.000733996086045142,0.00158492432471514,0.000871084587248473,0.0012309779606447,0.0006216933418347,0.000522243494695614,0.000610413647327976,0.000471619839619983,0.00103670759706418,0.000409458887637485,0.000527244728460613,0.000184469571527815,0.000136766654060308,0.00003232131030884,0.000315607637898478,0.000142828146460464,0.0000642291768280479,0.000448818783859154,0.000680211275667924,0.000778883575176842,0.0000213326775651517,0.000381441868754341,0.000317718279876039,0.0000526788401389952,0.000405004178259807,0.000085358902237092,0.0000639759362599849,0.0000214221706413321,0.000047637131836012,0.000148418183803176,0.000224820791305686,0.000179721026271576,0.0000751480493970916,0.000357193049214138,0.0000742743253585845,0.0000603186946598361,0.00000483653126528562,0.0000103476904086684,0.0000154799477951958,0.000037745684527636,0.0000181312139002255,0.0000344751075130006,0.0000572466263509554,0.0000514665270054617,0.0000549215023873505,0.000021019900104426,0.0000874735773270596,0.0000411597544158659,0.00000954664861362409,0.00000608272918103104
V300,Swine,a,0.0000181554306318075,0.000791121922600931,0.000206170055693454,0.000111587294648972,0.000280793872690517,0.000130439400168928,0.0000971835340478097,0.0000832071662884088,0.00000274318816326132,0.0000882042996548029,0.00005219874410813,0.0000241272310598659,0.0000590933935680801,0.000041958350520454,0.0000385756746695309,0.00017726400662596,0.0000286730840422185,0.000646087706642135,0.000166279018353738,0.0000746294220661186,0.00014558095248334,0.0000697996680743742,0.0000224779330287718,0.0000296836968328139,0.000459545212530694,0.000133351417777772,0.000464735177556413,0.000253953943287628,0.0011272955161416,0.000540400773772434,0.000402110412207443,0.00024479865156483,0.000184753906293734,0.000348380465978431,0.000141411159451634,0.000113442260671943,0.000350898284088751,0.0000712293420467941,0.000438655640613829,0.0000787261450754928,0.000666511688164401,0.00175123449586314,0.000493149571314607,0.000551404638602823,0.000588507027611191,0.000453874078903467,0.000561418276894793,0.000287193490429492,0.000105406051785789,0.0000294089797113516,0.0000623916999605573,0.0000192167262395322,0.000216745734123001,0.0000475602092679523,0.000124934125497623,0.0000923243179051492,0.000487067580509728,0.0000489820070998561,0.00031096927796849,0.00109730009084569,0.000348721216098051,0.000139905457258162,0.0000183901534585435,0.000883340779075738,0.000224621637634229,0.00070215318140567,0.000612475191288419,0.00166377884512387,0.000672841516252965,0.000702783075348316,0.000635359914654115,0.000462996053317151,0.000309608309981059,0.000322756846151949,0.000474863239223763,0.000383866078867529,0.000108723892400414,0.000500754265959356,0.00012032085414451,0.000194464444208777,0.0000332746623362635,0.0000189112413879196,0.00063667696462312,0.000738728300558998,0.0000437465640471825,0.000444269706719336,0.000373456229735383,0.0000410281442816175,0.000656397577019625,0.00013191522321249,0.000135947271625702,0.0000858555731111619,0.000160308646442032,0.0000333851081523418,0.000129564929574104,0.000199820693758584,0.000076382614413188,0.000390548566003032,0.0000774937625765575,0.0000177708207715898,0.0000163595485840597,0.0000117733506432406,0.00000889578376491875,0.000011016106804606,0.0000373248014092767,0.0000752642494557138,0.0000221791256198905,0.0000170953231272848,0.0000187450519867241,0.0000366724142763526,0.000121525349272209,0.0000341320848163765,0.00000982509987321652,0.00000595158213528624
V302,Cat,b ,0.000157871221254771,0.000718950908466639,0.000169076893545232,0.0000551199760630929,0.0000561911623374477,0.0000378325315971626,0.0000058516452549615,0.0000495139595538501,0.0000344992046159967,0.0000494009027731789,0.0000237975451192648,0.0000055669889846537,0.000020900269139186,0.0000220230566180691,0.0000055492523284464,0.0000464171507164534,0.0000558648529922278,0.000282402060359511,0.000628985781137912,0.000122901175625538,0.0000750919696146953,0.0000412496097664217,0.000026317684701732,0.0000148208007313534,0.000144094640752323,0.000216341039307752,0.00101333822122432,0.000368069602916004,0.000589325869704738,0.000214994786872382,0.000216980616906526,0.000136721816231017,0.00010046378145719,0.000134831713984799,0.0000500737732158814,0.0000290849687439905,0.000207954927126578,0.000038095025813411,0.000460454610147848,0.0000540467352561382,0.000255477442569782,0.00257019188065727,0.000659580921643539,0.000822384438633423,0.000485776465664098,0.000409879199234044,0.000152203853767938,0.000224545127621754,0.0000352141815985744,0.000245779382266161,0.000172446849856769,0.0000178560360793187,0.0000912745443824275,0.0000226048832530248,0.0000825749471333645,0.000115833692096864,0.0000786116995251785,0.000329425285059604,0.000200791246826735,0.000746090422073935,0.00141301913786276,0.000447464979241538,0.000087669929151768,0.000494547179593817,0.000808593365469208,0.0022497636078138,0.00101675369621825,0.00119035089926465,0.000517452190052085,0.000436684212954192,0.000454825622650834,0.000338725895611722,0.00023376060533894,0.000195823940838425,0.000248222375388582,0.0000258703830051509,0.0000216007619515624,0.000575781549114325,0.00013228577319077,0.000169598699521314,0.000694386042907279,0.0000115121151584104,0.000770497205809257,0.000386226498027149,0.00000476156918626764,0.000142636160165213,0.0000855277920462805,0.000129540040457397,0.000232707938025773,0.0000286749187296865,0.0000208755807676101,0.000013298338797508,0.000060636989969438,0.000123304425923089,0.000057048826120974,0.0000836196146282058,0.0000444516108127371,0.000132138732184571,0.0000239120688932247,0.0000775039924530303,0.0000150729448862238,0.0000143393084946686,0.0000169514474478901,0.0000237007231144743,0.0000157369892540371,0.0000303607307350593,0.0000243590935960014,0.0000215188013676098,0.00000756368031270887,0.0000280850957346192,0.000143261508322147,0.000524592688070858,0.0000121670149554851,0.00000179524677885661
V305,Swine,b,0.0000236315447889681,0.000474040921913748,0.000150880755589291,0.0000856402884727141,0.000106842934180965,0.000118021468425964,0.000120839023563822,0.0000509583275248748,0.00000588188810248892,0.0000866167374836558,0.0000419716780610261,0.000089574157830628,0.000372351602094259,0.000200359512104658,0.0000897504427574919,0.000117675469500485,0.0000310697070147784,0.000122662751711908,0.0004105866110025,0.000105625997706774,0.0000991421548426292,0.0000493087851102864,0.0000273341522162863,0.0000191954374212915,0.000418731374601269,0.000177557672115249,0.000524866651896558,0.000251727151027631,0.000512388788462477,0.000657762783974152,0.000546920718286349,0.00029036778134654,0.000201785499149608,0.000331025258674365,0.000135303881293331,0.0000895426530229668,0.000126680122736805,0.0000163149221492777,0.000344769952589822,0.0000352558593120442,0.000455414184370936,0.00123487821434291,0.000313359992444916,0.000358774396347126,0.000414903150473797,0.00043585082388316,0.000535687018874826,0.000173645975682499,0.00014860836460768,0.000119506337665678,0.000136936889646469,0.0000294034579456474,0.000244421408459036,0.000255035624235811,0.000725522481426601,0.000408323752124711,0.000298454295972301,0.0000492469950828486,0.0000983384060438275,0.000318989665648751,0.000787934707397105,0.000156075086181603,0.0000413173774554434,0.000741134534291277,0.000276795699940589,0.000788967769032945,0.000416261180173683,0.000881243023394142,0.0012423852333857,0.000573538924458781,0.000705779459604456,0.000519901794739747,0.000393386920695927,0.000326195132287781,0.000455592750438884,0.000163552660343544,0.0000841645873214539,0.000196087327934436,0.0000800345066515487,0.000144948790941956,0.0000313880623703036,0.00000856012669017425,0.000495218502953101,0.000567088370117725,0.0000199678365748693,0.000338964374310585,0.000379825721557911,0.0000143195052937879,0.000718189119642604,0.000153696370855981,0.00014877989873238,0.0000712357181254188,0.000202132320277989,0.0000750035978058474,0.000237779584027537,0.000216702194750802,0.000101223108705361,0.000263362155462786,0.0000663215806987661,0.0000175932796662394,0.0000311129899176733,0.0000413247089908378,0.00000849956468201789,0.00000963099580696771,0.00009824136864821,0.00011120325139451,0.000015787815486502,0.0000215679172382285,0.0000145209572105232,0.0000616358174756934,0.000105580822260612,0.0000281222121794939,0.00000965534009394721,0.0000103024851489596
V421,Dog,b,0.0000163074524602867,0.000839909635251543,0.000199979576263653,0.00010841632629089,0.00020338882968269,0.0000783120288777628,0.0000653686047336234,0.0000629323050762523,0.000000326237504680864,0.00014388759984864,0.0000280688991676607,0.0000162345441202733,0.0000561134389885547,0.0000258267721027311,0.0000144802375225767,0.000151186930270387,0.0000421681941418378,0.0000384651426056607,0.000900097212535566,0.000207249436682564,0.000152049199366758,0.0000715502462282429,0.0000465747560715371,0.0000303501998399027,0.000408242517396548,0.00101919455111623,0.000446511667449463,0.000509753916085343,0.000837160897128463,0.00029343527200314,0.000267018429203552,0.000172606150991383,0.000117469927680352,0.000211683483035903,0.0000619984379006567,0.0000286175047979864,0.000335872860430493,0.0000783264217558945,0.000731395005381808,0.000062698238053029,0.000620233800647639,0.00175835900005922,0.00054174981096239,0.000681168225749793,0.0005365977948015,0.000362918635359674,0.000436118116146597,0.000133061755303224,0.000046459199658755,0.000158043995382105,0.00035475135959058,0.0000467566164033334,0.000163434936920728,0.00000909286510025623,0.0000911404902460621,0.0000176683294775038,0.00025889524955206,0.00027218197531697,0.000103883106331493,0.000495537147842766,0.00151093931948275,0.00052406805815836,0.000122460324608918,0.00078961960947676,0.00154004899787022,0.000603622502719315,0.000877602810809719,0.00121029365622067,0.000471274945986145,0.000389915697038351,0.000409064048590089,0.000298973645134562,0.000209552885815615,0.000170830851125769,0.000315986342037484,0.00000592337448006374,0.0000128210658997005,0.000551308137385364,0.000134478552739732,0.000223188374386082,0.000331698473862783,0.0000163142248604978,0.00098923909913193,0.000743493168887463,0.0000242398902351617,0.000336645892352682,0.000241334073957417,0.0000729355189236018,0.000578206005074155,0.00011683838069914,0.0000636511012151127,0.0000337876559208859,0.000105208318581395,0.0002959774009564,0.00013965677493474,0.000148477337810857,0.0000550048613521017,0.000264500241779213,0.0000537251974298666,0.0000329526494173518,0.00000609005876872332,0.0000402852828012185,0.0000221026095923113,0.0000345823798817251,0.0000398472724140688,0.0000772798396483938,0.000025277303944827,0.0000229609604608747,0.0000130535295023307,0.0000194126041630639,0.000135571180895346,0.000252265444672727,0.00000839355595935008,0.00000457632232860221
V516,Swine,b,0.0000301857415731021,0.00063824823770727,0.000240360818572322,0.0000951178296511199,0.000276986368710996,0.000121644175177084,0.000167855484142893,0.0000877893768044958,0.000212170925532103,0.000112518549679889,0.000049077912826391,0.0000718996707899942,0.000330138313822572,0.000200467525736542,0.0000942109893894759,0.000201490921335066,0.000024750570011271,0.000272136653059261,0.00070660531544818,0.000166969746708855,0.000175492628585293,0.0000901335761346829,0.0000408757393193617,0.0000327334147633331,0.000511875912266223,0.000145427686587213,0.000580029549020937,0.000281681831676898,0.00102224305867271,0.0005159647311686,0.000586122302916441,0.000324578998088831,0.00023361373786889,0.000304180812302883,0.000148810890819841,0.000135751899620655,0.000359318255827288,0.000066132289731503,0.000504388191032602,0.0000829604795711586,0.000658899072651061,0.00123799747672541,0.00032026088998651,0.000383156619239037,0.000501646370112891,0.000466566062667913,0.000795254371657361,0.000315472164730217,0.0001595104545996,0.0000564976017603653,0.0000844844656326089,0.000638788537382526,0.000362760430698148,0.00013825776946156,0.000529548552942813,0.000313790162818002,0.000418272214650306,0.000052052932759792,0.000103966306412509,0.000457402057547788,0.000984711514236686,0.000230653676773928,0.0000140671922533999,0.000606146836301112,0.000203086746163287,0.00073346589500331,0.000522499113292553,0.00138793559426586,0.000573761276723083,0.000674367765156524,0.000720688326642619,0.000459345739695952,0.000306518459552295,0.000277759754731087,0.00031649236842931,0.000359047839676259,0.000119973170470413,0.000467809215591938,0.000127868037949574,0.000228746689285816,0.0000794666475300041,0.0000154292720921272,0.000574898706791297,0.000634808348909017,0.0000219729680607701,0.00034167159349657,0.000344451289950054,0.0000484888462390445,0.000812078590194829,0.000199846774509788,0.000187831908980776,0.000108574080733474,0.000166460820434644,0.0000539129549218125,0.000193535113468181,0.000278223016516777,0.000132107803765393,0.000316760228456116,0.0000806093255651935,0.0000167315653044137,0.0000170923905626789,0.0000219807772986314,0.0000087294778198384,0.00000483560447166535,0.000062388222734573,0.000102416740581044,0.0000186322342174276,0.0000157532729136083,0.0000178455057091155,0.0000481623808106084,0.000130015728286407,0.0000534501860806342,0.00000732665684556718,0.00000863932098461179
V517,Bovine,a,0.0000434322944033395,0.000497853200420849,0.00034492407150914,0.00015316931242546,0.000169806209314948,0.000106837998597659,0.0000969877242500505,0.000165560004277689,0.00000155002225102031,0.000086757876200491,0.0000385342370283137,0.0000343569465688153,0.000183892496108751,0.00010370601365621,0.000041880222787675,0.000162970047164785,0.0000256177419442049,0.000134459168463651,0.000579363922049797,0.000170219912108317,0.000174544390108123,0.0000876129395136716,0.0000552166243838919,0.0000283021405922215,0.000334460010349346,0.000308159817412421,0.00115731901827736,0.000536831685218782,0.000621971720792418,0.000417396522237646,0.000457848107022984,0.000705087137957807,0.000608048358471536,0.000368770316868715,0.000185963700830953,0.000138744394055971,0.0000491597231233629,0.000418329098753706,0.000419582556975873,0.0000432823608501261,0.000508601979525452,0.00109241485256207,0.000343846389784213,0.000372350042030238,0.000479766321811931,0.000457199529594738,0.000723673843288598,0.000332412650618404,0.00017934580670227,0.0000210953543907316,0.000300346808859347,0.00000563625625671911,0.000274061621433552,0.0000634477755213981,0.000298720700038431,0.000166861996705043,0.000335697198509645,0.0000464741570089615,0.000349592441661283,0.000291056768180662,0.000882803296509048,0.000241929104097637,0.0000000977662298806926,0.000587389378365008,0.000582382664308756,0.0014990056153226,0.000674844359895643,0.00083631900233835,0.000577626768566088,0.00049478141840369,0.000616351407981135,0.000999445136507264,0.000804329697940708,0.000460804795610287,0.000441788521785221,0.000167828889875971,0.000104230614169001,0.000042471599481149,0.000476151632816686,0.00023063363540604,0.0000762369725086604,0.0000110080427726356,0.00051190948582716,0.000534211554792138,0.0000185219680214676,0.000342223741743954,0.000364601965074092,0.0000390876533662632,0.000797700296404023,0.000205506852439971,0.000221084090853549,0.000135732836216049,0.0000723975350340148,0.000242940754725431,0.000227350019905862,0.000219992411415152,0.000107795374039539,0.000277359971587755,0.0000618091297858027,0.0000203468785387984,0.0000179824943623556,0.0000145380367452509,0.00000489398229270313,0.0000160185966529757,0.00003512811279839,0.0000695852793845372,0.000021283033325853,0.0000127802425168581,0.0000217757005699118,0.0000314367530923975,0.0000900845154326151,0.0000308414182105265,0.00000965783731749343,0.00000629099614188038
V518,Dog,b,0.0000235254881040316,0.000580637420860424,0.000169503804843606,0.0000781729101280467,0.000154705855356581,0.0000624981646445318,0.0000980316685299179,0.0000658567318057929,0.0000122801228367649,0.0000775540056361458,0.0000277094864969472,0.0000267665000415908,0.000100202558785726,0.0000901637955265038,0.0000539495150511136,0.000172535018547672,0.0000225774480962358,0.000232776940095827,0.000574983419812403,0.000132083202655034,0.000143383219066087,0.0000750444762624574,0.0000313322385203246,0.0000189559021037149,0.000618363024545559,0.000635232700823851,0.000616210836119727,0.000289624231573416,0.000624474090878961,0.000243920998929073,0.00037472885676881,0.000184752692423273,0.000119690079759472,0.000241119933271094,0.0000970357840824005,0.0000557636393190857,0.000307213695399936,0.0000517016706733064,0.000411403515012808,0.0000346150013940565,0.00063901009783693,0.00132100222549799,0.000348675755522955,0.000419723506754071,0.000528136401299375,0.000474582222886413,0.00111821168467008,0.000378801570932037,0.000130678451233597,0.0000629889307851329,0.000226993197814914,0.0000126910065794539,0.000275657837278515,0.0000694320571030351,0.000235214883829802,0.000216320708958652,0.00035756434690662,0.000267746584589139,0.000125548303573764,0.000482478907333931,0.000987369497005826,0.00020549481576578,0.000440899943044948,0.000829879198214972,0.00106430184221987,0.000805739478588088,0.000409712013443123,0.000898253899363077,0.000433567479774215,0.00035119759870283,0.000482529114581892,0.000262408917375538,0.000191975256667953,0.00019716905139932,0.000336646671781834,0.0000272298578951709,0.000040307213935087,0.000520135160468514,0.000117844935949246,0.000332056440961596,0.000103766392314945,0.0000232387840680334,0.000590461637652405,0.00072709954636531,0.0000137311629191475,0.000422861407019996,0.000409047191150626,0.0000412817074392323,0.00125338293861628,0.000288793115031507,0.000173115450066272,0.000124237356104077,0.0000649665408060073,0.000171638849187041,0.000160623304324142,0.00022194706832623,0.000100741480456568,0.000317782111632404,0.0000692639626660288,0.0000150474583501158,0.0000227383269639551,0.0000493201706477694,0.0000123102882630541,0.0000125419113760845,0.0000957576657630171,0.000167699841574443,0.000023272377866923,0.0000161555699725391,0.0000141226319209669,0.0000791445329774137,0.000171524548827943,0.0000627301631594357,0.0000127309144163296,0.00000319368465257405
V684,Reference strain (CCUG),b,0.0000296625712080109,0.00103322897859593,0.000253422757009201,0.000107229863742547,0.000199618239173311,0.0000739088187778307,0.0000791725232108562,0.0000798443836308483,0.0000304898833950944,0.000143859598087636,0.0000268591555088958,0.0000329090853042178,0.000127860908846468,0.0000430602565990362,0.0000220444048928633,0.000161261350551156,0.0000285200795110759,0.000237867770075146,0.000933695460334333,0.000198742845374526,0.000167652369732968,0.000106394758913821,0.0000554279442278912,0.0000380324843663316,0.000377537245592748,0.000885020253162653,0.000673571776270056,0.000379050965953632,0.000890997660073067,0.000305693993812721,0.000326227381886735,0.000186984147801268,0.000143798669582391,0.000354374113220348,0.0000994561723971346,0.0000542669425424041,0.0000876463354550213,0.0000667995518511971,0.000628379238636844,0.0000371614634613257,0.000686590011237577,0.00221593390714251,0.000585626267756593,0.000721287778636877,0.000615133722511098,0.000430239346402718,0.000377925361971565,0.0000986529412880428,0.0000403899747862876,0.0000465988800990222,0.000150936206422344,0.0000159365250344549,0.000257236109209294,0.0000574784473927435,0.000286933392494087,0.0000777456552502576,0.00043421227126223,0.0000705940804215609,0.000186386581975877,0.000553567168567029,0.0015582424992235,0.000432614713568583,0.000144863321931456,0.000705848579408923,0.00146054466795445,0.000927701455903446,0.000585088790098878,0.00125599151128225,0.000485173465842835,0.000404201137549363,0.000473863374301992,0.000315353413601843,0.00023387810888058,0.000224856441404465,0.000462251788611234,0.00018362814117365,0.0000574979419991273,0.000362620491675697,0.0000978290764348322,0.000266056976678321,0.000122701021303449,0.0000242134657838014,0.000833687965455791,0.000760701376306936,0.0000279644137028091,0.000388280376197687,0.000277928740535583,0.000124190341837478,0.000469201286260414,0.0000785389653863947,0.0000330308314931388,0.0000217528474247463,0.0000369107145836491,0.000129769736533804,0.000135695763617329,0.000219095939176436,0.000175808953601548,0.0003208748487875,0.0000691072639536913,0.0000274984810615917,0.00000716678109126991,0.0000172737884032051,0.0000163584199124005,0.000019894551130111,0.0000208113624550571,0.0000437434530622537,0.0000131143435083331,0.0000220488476404339,0.0000018677573245002,0.0000207953198993235,0.000112318933960722,0.0000639555966591971,0.00000771352121394648,0.00000724824721102115
V685,Reference strain (CCUG),a,0.0000654395328845496,0.000679425883110707,0.000309925184626535,0.000129823249707832,0.0001816301457522,0.000119068060767038,0.000125368472304318,0.0000844707757973979,0.0000498908977613609,0.000111892724054413,0.0000439701243705684,0.0000603118835033084,0.000254294570128344,0.000115212993857118,0.0000677848778700448,0.000144435266538859,0.0000495359104888677,0.0000943022995234568,0.000564299074775034,0.00013815671488809,0.000125861516888948,0.0000817959170461797,0.0000491802226652184,0.0000393184381232018,0.000147746715736216,0.000171951261275271,0.000838001005222219,0.000347581557297372,0.000600575580951515,0.000289350397220587,0.000486686035017168,0.00023082258348202,0.000597807340287306,0.000350371127653426,0.000235492426833755,0.000171065849159984,0.0000566197303446538,0.000180278915930409,0.000430410476614243,0.000230972281976947,0.000461718571989853,0.00158747689230254,0.000393985967002106,0.000494169848986349,0.000416463949910598,0.000349256926268378,0.000483361792875441,0.000183427450189893,0.0000963936899622762,0.000068758294043171,0.000190112515515898,0.0000204598347490269,0.000204391674652307,0.0000953074644386346,0.000444529596132542,0.000155089200304296,0.000271609188462422,0.0000663163037931956,0.0000925067028923675,0.000199771567750956,0.000924411796937455,0.000242722752641437,0.0000136400736965214,0.00046479115933433,0.000428505968160061,0.00120133224303617,0.000579925850451692,0.000838913087252522,0.000464115638085156,0.000401846655392487,0.000532526306751413,0.000387038739014566,0.000939106112108848,0.000391320998950906,0.000487844724288644,0.000535131598549596,0.000238047230437772,0.0000912821390673323,0.00024352227789952,0.000137715051587375,0.000118885813651566,0.0000249503859091636,0.000515728318083425,0.000495470137846249,0.0000287964810470977,0.000224571798909123,0.00020530323464301,0.0000396565897814405,0.000492483186545256,0.000129372537137229,0.000130306339108342,0.0000807554991178528,0.0000533918136772076,0.000128668839736966,0.00015461987001083,0.000144505336500366,0.0000698927631152032,0.000196728972571829,0.0000556798636985849,0.0000319473287512443,0.0000195029322359136,0.0000148370837052884,0.0000325880272724188,0.0000185642068693134,0.0000252955116792997,0.0000353637489519362,0.0000178541361840449,0.0000266205010003684,0.0000137121438226026,0.0000349367639345375,0.0000544302733892557,0.0000455939539319764,0.0000204436130713686,0.0000148566246283719
V686,Reference strain (CCUG),b,0.00000490786213203033,0.000975166597615553,0.000162155881955719,0.000107585716484769,0.000136405152542387,0.0000788623538066479,0.000092840282438847,0.0000717219354079722,0.0000617643169278361,0.000360553827860716,0.00238639177401296,0.000865024989394652,0.000289165468753066,0.00138225893975782,0.000429435456614915,0.000467028548784589,0.0000471053668569813,0.000137013351080191,0.00089729193095123,0.00226826976925997,0.000693210549403783,0.00111040188666847,0.000377846121245099,0.000371580751978708,0.000121376104582063,0.000978915387971348,0.000420542643379065,0.000352016911833211,0.000574753261084827,0.000247595709414906,0.000656833726112191,0.000340932226390168,0.000183242911027856,0.000199242580199055,0.0000770729295278948,0.0000535639408596221,0.0000282269560507921,0.0000497152934470976,0.000500055379050671,0.000122176150302705,0.00023014599737772,0.00208323084260884,0.000444234277928642,0.00061707760229007,0.000336653617847234,0.000222411625599256,0.00019492778893132,0.0000767576900754242,0.0000324269492815173,0.000335550158115848,0.000133174345612698,0.0000268530050168837,0.000141629286592941,0.0000880384721420738,0.000131794354217101,0.0000648675083581339,0.000140596630263215,0.0000130210202075469,0.000119742778826299,0.000245834817941199,0.00119320688490343,0.000258056592985161,0.00000303812260261135,0.000337782301617851,0.0015939759945565,0.000560610536495494,0.000662124062375839,0.000854412952524314,0.000476494647746047,0.000863489410078299,0.000382782697147805,0.00036326530058681,0.000272478645220829,0.000213355981738646,0.000206947968511087,0.000105508058303585,0.0000430005405756727,0.0000488336219603509,0.0000724155167277018,0.000179695079280973,0.000678595297079136,0.0000126382369995505,0.000618867226782821,0.000262798133093868,0.00000748371811210592,0.0000793791758775519,0.0000861173059141906,0.000114261200925016,0.000250910648964653,0.000039000357663232,0.0000333457012468758,0.0000117428511098351,0.0000692202229471204,0.000118026459278501,0.000109884334836265,0.0000946783865496772,0.0000344476526034644,0.000128015729016298,0.0000282249021412168,0.00000708303957397405,0.0000200461396782046,0.0000237909794163688,0.0000042014612904498,0.00000577031136571297,0.0000291673829791317,0.0000434313558248962,0.0000099475483506415,0.0000142963621902427,0.0000121294131675282,0.0000201186837929072,0.000133825320078171,0.0004232751576095,0.000011304759328092,0.0000114856559484124
V71,Swine,b,0.0000406588444623851,0.000807901921342916,0.000361765819057736,0.000118716600347251,0.000183846581855628,0.0000845767643872807,0.000141741427139633,0.0000953449618391434,0.00000348888436486302,0.0000786287535708367,0.0000343079019707455,0.0000745776174977523,0.000276707329859224,0.00026583473378776,0.000111703994595631,0.000238133132696085,0.0000164150135002971,0.000316920194850653,0.000813165791723973,0.00020325004717107,0.000161398987284777,0.0000767140217300214,0.0000451424056659489,0.0000308295925051848,0.000651610642711167,0.000290230323067782,0.000931436820826409,0.000489673059668195,0.000688323934610797,0.00032887632170644,0.000499148820691431,0.000244798682492721,0.000169528866937817,0.000221975956947098,0.0000990322605611979,0.000133587904352547,0.000383062087695468,0.0000550373406082209,0.000391441883851096,0.0000631044027579651,0.000720933593286192,0.00111296181986602,0.000398123662687913,0.000417623596269877,0.000514079082392573,0.000388415855658586,0.000657306696116398,0.000256041674593795,0.000207286859541299,0.00005579921253815,0.0000734267953789618,0.0000117142383471975,0.000199933428683606,0.000176153810519301,0.000507810678191628,0.000484076027559444,0.000600979557032535,0.0000809960867272406,0.000170221788890518,0.00058517948924834,0.00102125736753365,0.000278168256167481,0.0000456037622704292,0.000873903216072665,0.000561812775838185,0.00104681217272809,0.000563833832837615,0.000852749306235727,0.00050276317936335,0.000428043661674535,0.000582007787835225,0.000329836028345348,0.00024302719735766,0.00027987273870856,0.000285790315938346,0.000387569487795635,0.0000978050381106243,0.000541095694456718,0.000117358893254226,0.000168032155338738,0.0000516607580598676,0.000021026523779307,0.000522948605129156,0.000774894136216152,0.0000112395659255905,0.000403671731381081,0.000306036346125269,0.0000451228028335,0.00071411187522624,0.000134943498565783,0.000167843951414771,0.00010347723082764,0.0000449290150281259,0.0000575950934250743,0.0000553799753896683,0.000156567662428339,0.0000838744405642167,0.000433967122834738,0.000119147299298039,0.0000341885370115111,0.0000127312769966875,0.00000839676675980346,0.0000116906196792658,0.0000203827397089416,0.0000300900774738246,0.0000446042469963347,0.0000233821381478754,0.0000165703734260444,0.0000200524474200742,0.0000212103723438678,0.0000893876708027639,0.0000312733544287632,0.00000269548429639213,0.00000761158131409065
V72,Dog,b,0.0000314404727911682,0.000836192875093763,0.000213230711886249,0.000140925156845054,0.000195307517389019,0.0000757452490927026,0.000134745339482519,0.0000740353064757614,0.000012987534422642,0.000138268800782463,0.0000370366188109524,0.0000581241737541165,0.000311876154224675,0.0000485829768306834,0.0000406130854926179,0.000144597562204023,0.0000227014542337968,0.0000412191138576866,0.00087431332112159,0.000200541984219683,0.000242065119752649,0.0000899270901295118,0.0000407601639341017,0.0000305537378445754,0.000428236030270286,0.000910946526839493,0.000423214746944479,0.000726844402225548,0.000838388576234873,0.000313844438502326,0.000473282644351364,0.000239387439453436,0.00018333610454489,0.000303241293020102,0.000102922343683773,0.0000460689595266929,0.0000965722701803144,0.0000617059157350329,0.000665313681517426,0.0000579868416055457,0.00063803094771334,0.00199074025180827,0.000488564284957747,0.000688542860088782,0.000550319185639425,0.000415624945790988,0.000398795826575941,0.000134091931441239,0.000042400843055899,0.0000928925736270602,0.00025159726726537,0.0000604977346861606,0.000196341407620603,0.0000989237696324391,0.00056145150366257,0.000126842962790841,0.000319269422770853,0.000221988844194871,0.0000926383557415167,0.000435326253469847,0.0014664441269939,0.000478226078381529,0.000194813219044332,0.000796891778971331,0.00154788911359573,0.000608624304693913,0.00109211372346936,0.00118572056124995,0.000509007750408363,0.000479695679617862,0.000627463490066656,0.0003432785389354,0.000270751505664183,0.000232358140756702,0.000409845473328079,0.00000401027189683371,0.0000321172702923176,0.000449316194360075,0.000113502234167257,0.000212197563631262,0.000157694869070915,0.0000103356014434533,0.000893633989292069,0.000721513437626553,0.0000331636039269525,0.000333367626132772,0.000270296989098131,0.0000885194525651263,0.000478211539829021,0.0000981433542850665,0.0000481788345640885,0.0000333045954857431,0.0000703986175367666,0.000194342825328384,0.00014322405423492,0.000161238522299599,0.0000586450488447169,0.000292997221773872,0.0000638124402512536,0.0000282045443815373,0.000012614150311999,0.0000211535806203263,0.0000111136003527071,0.0000216123005863337,0.0000200867047091889,0.0000388825302397075,0.0000183316984019862,0.0000239514395849001,0.00000326224238582046,0.0000249392213880173,0.0000882951195035329,0.000106399539021723,0.0000164113115081297,0.00000630500516282432
V720,Swine,b,0.0000141371612538395,0.000868643247424,0.000267202236744656,0.0000938509399091793,0.000241747839154753,0.000458226010530736,0.000173389412226435,0.000113977779431908,0.00002994313795302,0.0000441499348450126,0.0000114529687106693,0.00000789468962766801,0.0000414858537893731,0.0000357061463970288,0.0000444715156894548,0.000179117051285455,0.0000251814913398192,0.000167099511718925,0.00104532672564361,0.000186702370893344,0.000188925649732073,0.000105888502879752,0.000111647460604836,0.0000764702809431541,0.000532053131079312,0.000075545958743939,0.000493569851711128,0.000182990716397219,0.000928989558089988,0.00197606565608784,0.000752824674017998,0.000423194226638771,0.000353926902899375,0.000286541009980964,0.000207823137303646,0.000116329131398502,0.000126272763334547,0.0000390891846147402,0.000229215290198107,0.0000518376351166127,0.00064062583652282,0.00181714580463893,0.000312942741451736,0.000493134814783514,0.000542966878277538,0.000279500474297258,0.000553092987083655,0.000239198648776837,0.0000660320911777758,0.000428320823563442,0.000105361379115435,0.0000238287800307524,0.000103132112542217,0.0000165850817566864,0.000078337237671046,0.0000783026820309548,0.000615245487144451,0.000095290147984983,0.0000868794043332074,0.000369183711578791,0.00155702299166488,0.000416376002185844,0.000028049195345529,0.000783037828818112,0.00010970382258096,0.000637354761692969,0.000319596361115791,0.00130577813959261,0.00266973601702187,0.000816871752962193,0.00080468516205139,0.00108026384397042,0.000590686933532214,0.000398009929429654,0.000359188265027343,0.000336276055026953,0.000110918928483866,0.000114862919900612,0.000034379019509814,0.0000432427592774139,0.00000574317866290844,0.0000130013049347342,0.000289985624560377,0.000641434423352688,0.0000270281892235463,0.000356106197737874,0.000178618117646502,0.000061054301286713,0.000558857183357639,0.0000921324806218949,0.000066476867805485,0.000045176300858969,0.0000541817463056402,0.000036525952697453,0.0000162007291234005,0.0000716607747324732,0.0000387793829009586,0.000369077265869238,0.000102336146848247,0.0000354742859597323,0.000035688386894678,0.0000146173670171683,0.0000275260413562585,0.0000203258706302917,0.0000189866958087397,0.0000343153597868112,0.0000100850494087117,0.0000193100440850741,0.0000298715682584776,0.0000263264679390459,0.0000391582620869078,0.0000202715305032813,0.0000089983221527727,0.0000234748441978977
V731,Bovine,a,0.0000296386309015304,0.00081449929585604,0.000334493680603711,0.00012855561127294,0.000253509441398979,0.000104859053628093,0.000145000889590804,0.0000786042376860955,0.00000423650796502683,0.000138182716104428,0.0000343502792337539,0.0000668678449744487,0.000277883121552475,0.000136739004008912,0.0000520688099012782,0.000231282029765392,0.0000145888230222898,0.00016106217638993,0.000830370679482326,0.000227783286003235,0.00020894648091324,0.0000919464838621109,0.0000661462702702689,0.0000312427410853948,0.000437768503452243,0.000245810683147018,0.000965125559327503,0.000427797898324658,0.000781250549376139,0.000388056952470628,0.000635865878511966,0.000260672383026339,0.00052620466990721,0.000442867377835342,0.000308156722586605,0.000104180049821405,0.0000392165573174863,0.000365246515477066,0.000532281253695666,0.000145293321174585,0.000727650643012503,0.00120953943717342,0.00044627313866171,0.000479433243437652,0.000613303461934193,0.000309060655819453,0.000740969190244156,0.000232868803761854,0.000121225891163586,0.0000398179146536739,0.000293810920213449,0.0000050550368750008,0.000334797620251028,0.000126015483854213,0.000482451292998556,0.000235717251658059,0.000470985894135187,0.0000340646549364733,0.000397188552660517,0.00032714209415671,0.00107060381806972,0.000282272063727837,0.00000164777670295177,0.000720117863565648,0.000473850222728501,0.00108010818953058,0.00046688700175828,0.000908552661924405,0.000503672793350585,0.000396744165989549,0.000567111249592016,0.000344576440955927,0.000726389188625457,0.000310972898625451,0.00048400573138061,0.000315195246392286,0.000067523592868321,0.0000611504737916732,0.000451050242007231,0.000242575876389728,0.000100217687272281,0.00000926147266035386,0.000630640971248397,0.000738286603036631,0.000012056622613292,0.000458100307644425,0.000147748548428719,0.000032603225245831,0.000734986281474316,0.000131195106102093,0.000141735704314391,0.0000802515743466279,0.0000691681299884454,0.000244659196574379,0.000173730305254598,0.000235661490970867,0.000090650948846405,0.000363231640756378,0.0000800030918026669,0.00003839020848797,0.0000404469535438925,0.0000564418000030338,0.00000987565678942682,0.0000219185629103519,0.000056619870771138,0.0000924071672915465,0.0000288755076841348,0.0000226071826666566,0.000014471410637143,0.0000631184707852845,0.000125715265877608,0.0000497707411914905,0.0000353753516397287,0.0000303276169135486
V737,Dog,b,0.0000531371409249403,0.00104404581283979,0.000352836914682462,0.000144653519028015,0.000317996261513245,0.000115092530492936,0.000159210062903621,0.0000954423699719853,0.0000468510288471938,0.0000639791973572755,0.0000195505167163256,0.0000454718388895689,0.000199003051888527,0.0000496283439931647,0.000037188739447,0.000223059423817161,0.0000299775925368311,0.000225703301944174,0.00106894583689475,0.000221903891232116,0.000251100387547364,0.000117214827878916,0.0000868071041007457,0.0000564500684107881,0.00021127185751423,0.000938752802677548,0.000755237332452034,0.000431572684844922,0.00112464007396525,0.000384479375800676,0.000451849126533936,0.000229417882374727,0.000163268725588574,0.00018585432816633,0.0000856189034509656,0.000100209294794322,0.000136965060692092,0.0000297610401073852,0.000220635326791771,0.0000114518304820265,0.000762664653619647,0.00239947453181795,0.000519691281118428,0.000692653166182806,0.000656907750442452,0.000320609954807288,0.000175299074018357,0.0000669640073733891,0.0000356759399272324,0.0000332694361692722,0.0000517912494764763,0.000024258892551103,0.0000580813618063151,0.0000985976408226793,0.000453667831428155,0.000172387284789445,0.000567771679846998,0.000402250423110062,0.000131812045695695,0.000489131274640499,0.00161311931307704,0.000463958989131053,0.0000845709244487256,0.000446879597637434,0.00143823159702639,0.0010839826138246,0.000574853592895917,0.00143768093533849,0.000559411301831463,0.000481183164891707,0.000589924883987961,0.000361679573640101,0.000255333558420271,0.000216736992320517,0.000253453885901371,0.0000185942384676961,0.0000207767727449361,0.00013396691538623,0.0000214446044785099,0.0000618842915404289,0.0000497591521399805,0.0000168050614549554,0.000331206449531528,0.000798353151235172,0.000027551011272829,0.000428397006801433,0.000153227167250762,0.000136577837724099,0.000242622390257316,0.0000334122720787454,0.0000334291938343439,0.0000246024164115603,0.00000234949032415202,0.0000165208234726543,0.0000197687705115887,0.0000230795869953545,0.000019061365438069,0.000457849503563211,0.0000964340190246194,0.0000299762121304463,0.000014591658352739,0.0000144342877443665,0.0000180195256778463,0.000015174562455062,0.0000193954943877489,0.0000215753713629953,0.0000104974164962692,0.0000144913470607278,0.00000966199664176168,0.0000128913480337391,0.0000295771957797149,0.0000238656348387999,0.0000117423336628258,0.00000957883571703746
V755,Bovine,a,0.0000384924451842094,0.000547508632736621,0.000288841293631383,0.000132498859790039,0.000169336720884787,0.0000884274819886012,0.000194531473127445,0.0000898581626948006,0.00000920202023964575,0.0000697705819108792,0.0000458569432535843,0.000119299956742674,0.00068590091611774,0.000288704120505544,0.000112039602915355,0.000197746251021925,0.0000285974793321348,0.000156394864251949,0.000534306082943634,0.000150290203382992,0.000140330016919106,0.0000885400715216369,0.0000581598910019889,0.0000325749817970067,0.000128684183836397,0.000266322451255076,0.00104872027695338,0.000448361403090712,0.000632823184239629,0.000330553532422619,0.000727180097248125,0.000318554362729602,0.000503289940051953,0.000386607046011654,0.000174890007074873,0.00038451651298255,0.000101173688656469,0.000696119181349067,0.000362971817018246,0.0000737331785375166,0.000545535780746954,0.00121803329920685,0.000351988480346983,0.000400131287933413,0.000448789535725019,0.000435938796160084,0.000450102238454708,0.000325099164545704,0.0000811751297186412,0.0000226520685343232,0.000159868821425813,0.0000145588645145536,0.000263842504776573,0.000320300880036582,0.00112281401105998,0.000531219641982475,0.000115511164267508,0.0000867565949158681,0.000116054406313439,0.000318085482436891,0.000852526463386274,0.000223691459742586,0.00000181761934110919,0.000489929604511612,0.000535415646973987,0.00135236531006888,0.000605021488742202,0.000849821518072787,0.000530372504822946,0.000522218727718623,0.000813484610568017,0.000425181400724446,0.000743232769378376,0.0003662821109804,0.000458997326053083,0.000244927348399784,0.000393904301818474,0.000143132549007154,0.00081925713578109,0.000323484141103261,0.000147489006804753,0.00000780133621009325,0.000459504440985731,0.000579362326187021,0.0000275685403372138,0.000327096168434942,0.000353207097712931,0.0000428428345543171,0.000494516628776737,0.000114507445178138,0.0000870739404351019,0.0000583995824157055,0.0000479715560084349,0.00013247731939953,0.000238705634855111,0.00021223382069174,0.0000974451912966077,0.0000329011050742145,0.000235831347232465,0.0000353591708440218,0.0000212134699683525,0.0000175102045029139,0.0000104353519614969,0.0000168101895196297,0.0000332685455926591,0.0000482291150838719,0.0000283637945321908,0.0000222392431187919,0.0000209604337247399,0.0000274845916136777,0.0000797850922422127,0.0000301586943355738,0.00000363305604940677,0.00000922933575894804
V757,Bovine,a,0.0000329887276783189,0.000614701981841066,0.000348269949543629,0.000130782570895706,0.000182497021603442,0.0000976146605241208,0.0000996294910573891,0.0000603204747278056,0.00000955728826096538,0.0000862134379517976,0.0000335878371413454,0.0000361172422993162,0.000222273645458499,0.000101318092281929,0.0000376626220427968,0.000146058379846,0.0000378802301594829,0.000105465385584031,0.000590071743780891,0.000167025577736712,0.000165119343669762,0.0000791896788022261,0.000042077588578586,0.0000191634040739979,0.0001614889807838,0.000345133846426776,0.00131602180817513,0.000578547923167834,0.000721310414995876,0.000400038336515703,0.000507451458144565,0.000262319189766632,0.000460360164888918,0.000337130965867155,0.000230903741792381,0.000126234403538928,0.0000413294269270448,0.000307345233984455,0.000463947771329955,0.000130671226412149,0.000549402014382838,0.00145966235182325,0.000410632533148401,0.000483832966914182,0.000519051022948571,0.000409797915703613,0.00054437425636486,0.000262721916566607,0.000116597088949031,0.0000216191826221516,0.000157258115078122,0.00000654276849260056,0.00025732075460974,0.000117102695131447,0.000447563349174105,0.000214220416400672,0.000398283041041216,0.0000491575945718337,0.000118649234570597,0.000274996212819446,0.00104563710703312,0.000282438563053069,0.000000253185562744247,0.000533849107228527,0.000774068093253667,0.0017509460720366,0.000871742501728017,0.00109195489769246,0.00063753370560147,0.000518764012782418,0.000607192955556021,0.000428342036854514,0.000759180565397118,0.000365977541252933,0.000449509088271868,0.000224827901990501,0.000116641032352344,0.0000618306554945156,0.000431979917018746,0.000231766997203041,0.0000892221061186255,0.0000232565199531756,0.000634030299176657,0.000646591770043095,0.0000158915784219903,0.000411003219298502,0.000338969810530696,0.0000386296436811611,0.000677493401624399,0.000161194383023211,0.000178224849208489,0.00010488571903728,0.0000478804864838081,0.000152449952456904,0.000181572071933301,0.000224603211626215,0.0000963519283978727,0.000357266355683987,0.0000936158167033323,0.0000348131972824498,0.00000886250786871225,0.00000810858698983212,0.00000730823813898153,0.0000226862610153739,0.0000320932327771072,0.0000519612544747379,0.000036393086285405,0.0000248978960875029,0.0000228497001643206,0.0000262370287081289,0.000116537562523785,0.0000367661990779396,0.00000780525116333901,0.00000460763548820665
V767,Dog,b,0.0000307903901972133,0.000549547621361002,0.000129798128132207,0.000061819377666657,0.000160989893899277,0.0000639897292681832,0.0000576749529843458,0.000038841048692365,0.000000273392816364486,0.000108770421887257,0.000026861888705951,0.000017509738746453,0.0000562583310501903,0.0000320044948678077,0.0000253635954300967,0.00011061767231194,0.000024718220919263,0.000222449243404784,0.000653456933098143,0.000168111488549178,0.000140581099117525,0.0000892824138742554,0.0000451974197048885,0.0000252270597579809,0.000347615849229204,0.000599443250646901,0.000473833780837504,0.0002806323254077,0.000758525935375066,0.000267041174074766,0.000244585533871542,0.000151995611473499,0.000109744381496652,0.000211760862086571,0.00006104537844654,0.0000589831579871771,0.000401347238367835,0.0000558744643488145,0.000622677137107855,0.0000538158135345877,0.000542906683294951,0.0015160012212815,0.000439407531286354,0.00041408529566629,0.000456712762082961,0.000407179907278105,0.000755519097206088,0.000254362049388617,0.0000892706915189382,0.000103537599438316,0.000440577841444153,0.0000421586439479073,0.000266903428415739,0.0000224119818091006,0.0000852935624193659,0.0000248513393494165,0.000340113559976406,0.000139949606140843,0.000158918459383996,0.000505350372325002,0.00122226804770567,0.000348548176472593,0.000175330591001164,0.000580232800042504,0.00114654323394494,0.000683393317697971,0.000467365976939987,0.00118909547213106,0.000456863251438477,0.000351294270976289,0.000406995705909371,0.000285717551310683,0.000196843713723282,0.000182022247347991,0.000312887693919221,0.0000650269856626233,0.0000806122491259073,0.000691447050104456,0.000168947794185846,0.000274357666419027,0.000231083739394415,0.0000223817765266276,0.000886255093750155,0.000650719071581616,0.0000169903712377642,0.000339343818508487,0.000347930713312317,0.0000433395649032651,0.000983674644077444,0.000256763985253572,0.000146644642668758,0.0000803731499341076,0.000145940014482845,0.000376308687509075,0.000188122813309105,0.000234872953131825,0.0000900744690342573,0.000337389545444749,0.0000776645824802266,0.0000260951513153032,0.0000115292687966717,0.0000419897902014278,0.0000044423207485219,0.0000102858775702011,0.0000282559387499651,0.0000922520953192656,0.0000206212882085546,0.000017510560714395,0.0000127535873706447,0.0000256927566489336,0.000147400361282353,0.000173589706767769,0.00000941490351092152,0.0000083602987081789
V778,Bovine,a,0.0000259363310024173,0.000781689154225869,0.000254058315629795,0.000105508639731055,0.000200261497338295,0.0000675518215265651,0.0000559722652247211,0.0000559546141252921,0.00000689039227292061,0.0000501668511782854,0.0000123994214228402,0.0000710238518569911,0.0000222519611086554,0.0000316268585626716,0.0000431844852760692,0.0000893131650386974,0.0000349386422447163,0.0007430402903108,0.000144015610121247,0.0000844474072609808,0.000109206062630055,0.0000620548626104396,0.0000219417358162039,0.0000262252977771819,0.0000662834131772771,0.00029656206749175,0.00114923783964833,0.000498672682014906,0.000822431954992084,0.000344813058699885,0.000657710424234321,0.000220079459174355,0.000285484314531869,0.000256731423045351,0.000519865598709044,0.0000474967491328188,0.0000376679054934511,0.000162373723242429,0.000442137267353027,0.000347726618315215,0.000379268739231602,0.00210670028072354,0.000670208197414646,0.000737106396737496,0.000494541291783004,0.000371799508325729,0.000218754968738545,0.000184066197023645,0.0000488399211630699,0.0000296111028081996,0.000128902889252786,0.0000148751523096574,0.000125334089653253,0.0000193607294567164,0.0000605164939487383,0.00000749534164047376,0.000289406108061126,0.0000577874090039407,0.000472429792403886,0.00151269327188052,0.000444555861737572,0.000239781035190097,0.000010849666424313,0.000537856863831526,0.000909020371362347,0.00205222615045949,0.00109466229054577,0.00142287687485867,0.000694413581776796,0.000574390639103353,0.000545916660418226,0.000446152494339886,0.000588701374909061,0.000320283840276721,0.000399587657443247,0.000270480404574891,0.0000962422455969606,0.0000525402469340149,0.000389634006892849,0.000149864145461448,0.0000960833812571509,0.0000347399367961545,0.000784123746675894,0.000562928320969064,0.0000114865866076194,0.000248455662314329,0.00020656971389695,0.0000486585148699113,0.000369463247817164,0.0000968380481549882,0.000101358832545718,0.0000400528912774453,0.0000554637396068635,0.000150377706091415,0.0000853941316028594,0.00011602144698573,0.0000331573320900252,0.000278811382443684,0.0000625798114119429,0.0000641387592735373,0.00000541377689325511,0.00000981168703667693,0.0000455324672832352,0.0000204022054852403,0.0000194051606406173,0.0000339930283081347,0.0000675966382132611,0.0000476948925348892,0.0000276098981724547,0.0000120671850054413,0.0000571135043155412,0.0000344135278169215,0.0000109384124048754,0.0000107314950695834
V794,Swine,b,0.000017635081869015,0.000213152424424781,0.0000735617340892846,0.000152363901798387,0.0000527208548549795,0.0000319236720364098,0.0000328125580170521,0.0000170992044208063,0.0000254621019579402,0.0000402319612136175,0.0000127745927273919,0.0000465309585930825,0.0000636246777231755,0.0000484727465972089,0.0000390827658464063,0.0000277999524821199,0.0000411017279766692,0.0000826611985246335,0.000243050151487168,0.0000383155703699287,0.0000420682395128437,0.0000148882730285121,0.0000246411732743845,0.0000163227369397799,0.000196960237397473,0.0000621628900751556,0.000200771820197366,0.0001078839904026,0.000328000541430226,0.000182669494699755,0.000179699780106784,0.000312212932131681,0.000114969897610303,0.000145620947081165,0.0000546850962561457,0.000030465391948839,0.000151780165354703,0.0000427462599533925,0.000184556112695148,0.00000931377518032449,0.000223186188120178,0.000992551609037277,0.000446173465751236,0.000395839110346044,0.00111819227823516,0.000413983896600243,0.000422493769014266,0.000153325514896006,0.00013886712924437,0.0000701740259106635,0.000105074256964906,0.0000136805523369783,0.000139045903732136,0.0000528740580146149,0.000157445055358624,0.000107769760588076,0.00012361670942175,0.000024197370857304,0.0000990227174296376,0.000248478020353207,0.000633799743006717,0.00010040308943745,0.0000195731500233916,0.00062081449687774,0.000166038387176037,0.000435625432371438,0.000383981638711796,0.00094271680580825,0.000459168862182171,0.000507021247987005,0.000626328078626077,0.00109557286783186,0.000360302723514847,0.000462987574008517,0.000349885725036907,0.000204464881921111,0.0000977193414281538,0.000511465943470097,0.000146469950363105,0.000129518620082266,0.000105433686777617,0.0000335479786784988,0.000508731793381226,0.000413945864647429,0.0000095650212123465,0.000256039880879941,0.000282021509785403,0.0000108620566051088,0.00113214314272107,0.000369255733067622,0.000402283503185031,0.000192593485944193,0.000160380041624607,0.000261288334556024,0.000220839153669475,0.000191891617137437,0.0000972109743566641,0.000187949361197987,0.000042704044407884,0.00000953448131066949,0.0000529756296691508,0.000127331205219464,0.0000188132167483725,0.0000167321745613808,0.0000885364467795292,0.000140044510352808,0.0000305889665618959,0.0000300992051218026,0.0000288441744103093,0.0000349887092413258,0.000099762112879725,0.000115949058730638,0.0000153990256013677,0.0000156718442106843
